{
  "summary": {
    "generations_run": 50,
    "best_fitness": 0.07075706930561287,
    "best_total_penalty": 13.13286346952578,
    "best_hard_violations": 0,
    "best_soft_penalty": 13.13286346952578,
    "history_best_fitness": [
      0.07075706930561287,
      0.07075706930561287,
      0.07075706930561287,
      0.07075706930561287,
      0.07075706930561287,
      0.07075706930561287,
      0.07075706930561287,
      0.07075706930561287,
      0.07075706930561287,
      0.07075706930561287,
      0.07075706930561287,
      0.07075706930561287,
      0.07075706930561287,
      0.07075706930561287,
      0.07075706930561287,
      0.07075706930561287,
      0.07075706930561287,
      0.07075706930561287,
      0.07075706930561287,
      0.07075706930561287,
      0.07075706930561287,
      0.07075706930561287,
      0.07075706930561287,
      0.07075706930561287,
      0.07075706930561287,
      0.07075706930561287,
      0.07075706930561287,
      0.07075706930561287,
      0.07075706930561287,
      0.07075706930561287,
      0.07075706930561287,
      0.07075706930561287,
      0.07075706930561287,
      0.07075706930561287,
      0.07075706930561287,
      0.07075706930561287,
      0.07075706930561287,
      0.07075706930561287,
      0.07075706930561287,
      0.07075706930561287,
      0.07075706930561287,
      0.07075706930561287,
      0.07075706930561287,
      0.07075706930561287,
      0.07075706930561287,
      0.07075706930561287,
      0.07075706930561287,
      0.07075706930561287,
      0.07075706930561287,
      0.07075706930561287
    ],
    "history_avg_fitness": [
      0.02414134862675354,
      0.0022969605433200506,
      0.002267428026059293,
      0.002266547422002221,
      0.0022589938370795684,
      0.0022543032899457697,
      0.002473908799290494,
      0.0024926946305767013,
      0.0023005124885238488,
      0.0023029368723445514,
      0.002302163818681049,
      0.002512296009456934,
      0.0025307895835545765,
      0.0023214108905349256,
      0.002335578907145123,
      0.0023341499712172067,
      0.0023274398640558145,
      0.0023364436109833595,
      0.0023316086147906604,
      0.0023465608321945356,
      0.0025598948582867087,
      0.002356265707747635,
      0.002557576308737164,
      0.002349233130470517,
      0.0023632120621806378,
      0.002353993303661232,
      0.002359508563930271,
      0.0023583464441308205,
      0.002548456835484193,
      0.002362133096069645,
      0.0023568982930631116,
      0.00236215735318217,
      0.0023542937953180323,
      0.002355330721045685,
      0.0025659822657465464,
      0.0023615182462855236,
      0.0025422052970770362,
      0.0023544854732505723,
      0.0023570630126637905,
      0.0023536625469478766,
      0.0023552325872492055,
      0.0025400940481941623,
      0.0025581539359564986,
      0.002358405220619295,
      0.002356916977768457,
      0.002554052338594621,
      0.002357214868055953,
      0.002632985092287911,
      0.0024289950725104132,
      0.0024209058773064993
    ],
    "history_hard_violations": [
      0,
      0,
      0,
      0,
      0,
      0,
      0,
      0,
      0,
      0,
      0,
      0,
      0,
      0,
      0,
      0,
      0,
      0,
      0,
      0,
      0,
      0,
      0,
      0,
      0,
      0,
      0,
      0,
      0,
      0,
      0,
      0,
      0,
      0,
      0,
      0,
      0,
      0,
      0,
      0,
      0,
      0,
      0,
      0,
      0,
      0,
      0,
      0,
      0,
      0
    ],
    "history_soft_penalty": [
      13.13286346952578,
      13.13286346952578,
      13.13286346952578,
      13.13286346952578,
      13.13286346952578,
      13.13286346952578,
      13.13286346952578,
      13.13286346952578,
      13.13286346952578,
      13.13286346952578,
      13.13286346952578,
      13.13286346952578,
      13.13286346952578,
      13.13286346952578,
      13.13286346952578,
      13.13286346952578,
      13.13286346952578,
      13.13286346952578,
      13.13286346952578,
      13.13286346952578,
      13.13286346952578,
      13.13286346952578,
      13.13286346952578,
      13.13286346952578,
      13.13286346952578,
      13.13286346952578,
      13.13286346952578,
      13.13286346952578,
      13.13286346952578,
      13.13286346952578,
      13.13286346952578,
      13.13286346952578,
      13.13286346952578,
      13.13286346952578,
      13.13286346952578,
      13.13286346952578,
      13.13286346952578,
      13.13286346952578,
      13.13286346952578,
      13.13286346952578,
      13.13286346952578,
      13.13286346952578,
      13.13286346952578,
      13.13286346952578,
      13.13286346952578,
      13.13286346952578,
      13.13286346952578,
      13.13286346952578,
      13.13286346952578,
      13.13286346952578
    ]
  },
  "best_evaluation": {
    "fitness": 0.07075706930561287,
    "total_penalty": 13.13286346952578,
    "soft_penalty": 13.13286346952578,
    "hard_breakdown": {
      "invalid_session_pairs": 0,
      "room_capacity_mismatches": 0,
      "professor_conflicts": 0,
      "room_unavailable": 0,
      "section_conflicts": 0,
      "room_conflicts": 0,
      "professor_course_overload": 0
    }
  },
  "schedule": [
    {
      "offering_id": 2,
      "course_id": 3,
      "section_id": 8,
      "professor_id": 5,
      "session_index": 1,
      "day": "Mon",
      "timeslot": 1,
      "room_id": 13
    },
    {
      "offering_id": 22,
      "course_id": 7,
      "section_id": 3,
      "professor_id": 2,
      "session_index": 1,
      "day": "Mon",
      "timeslot": 1,
      "room_id": 15
    },
    {
      "offering_id": 12,
      "course_id": 7,
      "section_id": 10,
      "professor_id": 2,
      "session_index": 1,
      "day": "Mon",
      "timeslot": 2,
      "room_id": 2
    },
    {
      "offering_id": 15,
      "course_id": 3,
      "section_id": 3,
      "professor_id": 5,
      "session_index": 1,
      "day": "Mon",
      "timeslot": 2,
      "room_id": 13
    },
    {
      "offering_id": 28,
      "course_id": 13,
      "section_id": 9,
      "professor_id": 4,
      "session_index": 1,
      "day": "Mon",
      "timeslot": 2,
      "room_id": 14
    },
    {
      "offering_id": 3,
      "course_id": 15,
      "section_id": 9,
      "professor_id": 5,
      "session_index": 1,
      "day": "Mon",
      "timeslot": 3,
      "room_id": 5
    },
    {
      "offering_id": 9,
      "course_id": 11,
      "section_id": 8,
      "professor_id": 1,
      "session_index": 1,
      "day": "Mon",
      "timeslot": 3,
      "room_id": 13
    },
    {
      "offering_id": 23,
      "course_id": 12,
      "section_id": 5,
      "professor_id": 1,
      "session_index": 1,
      "day": "Mon",
      "timeslot": 4,
      "room_id": 28
    },
    {
      "offering_id": 17,
      "course_id": 7,
      "section_id": 10,
      "professor_id": 2,
      "session_index": 1,
      "day": "Mon",
      "timeslot": 5,
      "room_id": 3
    },
    {
      "offering_id": 27,
      "course_id": 6,
      "section_id": 3,
      "professor_id": 3,
      "session_index": 1,
      "day": "Mon",
      "timeslot": 5,
      "room_id": 5
    },
    {
      "offering_id": 19,
      "course_id": 14,
      "section_id": 1,
      "professor_id": 5,
      "session_index": 1,
      "day": "Mon",
      "timeslot": 5,
      "room_id": 8
    },
    {
      "offering_id": 7,
      "course_id": 10,
      "section_id": 6,
      "professor_id": 8,
      "session_index": 1,
      "day": "Mon",
      "timeslot": 6,
      "room_id": 4
    },
    {
      "offering_id": 4,
      "course_id": 6,
      "section_id": 1,
      "professor_id": 3,
      "session_index": 1,
      "day": "Mon",
      "timeslot": 6,
      "room_id": 7
    },
    {
      "offering_id": 16,
      "course_id": 7,
      "section_id": 10,
      "professor_id": 2,
      "session_index": 1,
      "day": "Mon",
      "timeslot": 6,